INSERT INTO Trail (Id,Title,Description,Active,BackgroundUrlBanner,BackgroundUrlDesktop,BackgroundUrlMobile,CreateAt,UpdatedAt) VALUES ('qy8ybxxtqnuuun66wsa4nttcw', 'Educação financeira e finanças pessoais', 'Educação financeira é uma ferramenta essencial para alcançar uma vida mais tranquila e estável. Nesta trilha, você aprende sobre educação financeira e finanças pessoais de forma prática, clara e direta.', 1, '', 'https://tc.com.br/wp-content/uploads/2021/05/thumb_educaca_financeira.png', 'https://tc.com.br/wp-content/uploads/2021/05/thumb_educaca_financeira.png', 1623178207485, NULL);

INSERT INTO Course (Id,ProductId,CourseSlug,Title,Objective,Certification,CertificationActive,TargetAudience,Workload,TimeAvailable,Topics,BackgroundUrl,Sequential,CategoryId,CreateAt,Published,SubscriptionsCount,Active,DropoutPercentage,IsOpenCourse,ImgMobileUrl,ImgBannerUrl) VALUES ('cxt78bwr1tosnjuhjew9b9u5x', 62, 'renda-extra-sem-atrapalhar-seu-trabalho', 'Renda extra sem atrapalhar seu trabalho', 'Aprenda o passo a passo necessário para conseguir gerar uma renda extra para auxiliar suas finanças. Como se organizar, como vender e como se relacionar com os clientes são alguns pontos abordados neste curso.', NULL, 0, NULL, NULL, NULL, NULL, 'https://tc.com.br/wp-content/uploads/2021/05/thumb_renda_extra.png', 1, '5db1a95f0b19960058b9e188', 1623182433803, 1, 0, 1, 110.0, 0, 'https://tc.com.br/wp-content/uploads/2021/05/banner_mobile_renda_extra.png', 'https://tc.com.br/wp-content/uploads/2021/05/banner_web_renda_extra.png');


INSERT INTO Module VALUES ('tqkz845awyx5hgwnwi7ub9qeh', 'Fontes alternativas de renda passiva e ativa', 1, 'cxt78bwr1tosnjuhjew9b9u5x', 1, 1);

INSERT INTO Module VALUES ('93qea8rymao51qxrdnhosf1zg', 'Exemplos reais de hobbies que podem ser usados para se ter uma renda ativa adicional', 2, 'cxt78bwr1tosnjuhjew9b9u5x', 1, 1);

INSERT INTO Module VALUES ('feoadtxi66fzbmcx8nor9mswh', 'Ferramentas de marketing digital para divulgar seu produto ou serviço na internet', 3, 'cxt78bwr1tosnjuhjew9b9u5x', 1, 1);

INSERT INTO Module VALUES ('3cds4fkb1kisuqrb91z5frb9k', 'Conclusão', 4, 'cxt78bwr1tosnjuhjew9b9u5x', 1, 1);

INSERT INTO Lecture VALUES ('xz4tzjqg1cc7gn345pfs8duyu', 'tqkz845awyx5hgwnwi7ub9qeh', 'renda-ativa-x-renda-passiva', 'Renda ativa x Renda passiva', NULL, 1623189013853, NULL, NULL, 1, '516288235', 1, 408, NULL, 0);

INSERT INTO Lecture VALUES ('m7dknksyakf6bx3rwo4d8e3wk', 'tqkz845awyx5hgwnwi7ub9qeh', 'por-que-viver-apenas-de-uma-fonte-de-renda?', 'Por que viver apenas de uma fonte de renda?', NULL, 1623189014913, NULL, NULL, 2, '516288290', 1, 227, NULL, 0);

INSERT INTO Lecture VALUES ('tork981eojssb78q6mn3r38uz', 'tqkz845awyx5hgwnwi7ub9qeh', 'como-obter-renda-passiva?', 'Como obter renda passiva?', NULL, 1623189015868, NULL, NULL, 3, '516288069', 1, 265, NULL, 0);

INSERT INTO Lecture VALUES ('gsbfruxrgeipyxeo8ximurupp', 'tqkz845awyx5hgwnwi7ub9qeh', 'meus-exemplos-de-renda-(semi)-passiva', 'Meus exemplos de renda (semi) passiva', NULL, 1623189016832, NULL, NULL, 4, '521413835', 1, 313, NULL, 0);

INSERT INTO Lecture VALUES ('yoqhb7x4j5h4g4bxs79ox7oa3', 'tqkz845awyx5hgwnwi7ub9qeh', 'exemplos-de-hobbies-que-podem-te-gerar-renda-adicional-(passiva-e-ativa)', 'Exemplos de hobbies que podem te gerar renda adicional (passiva e ativa)', NULL, 1623189017842, NULL, NULL, 5, '516288181', 1, 190, NULL, 0);

INSERT INTO Lecture VALUES ('mzksry3w9xpi9qdmak7f7cs3a', '93qea8rymao51qxrdnhosf1zg', 'exemplos-reais-de-hobbies-que-podem-ser-usados-para-se-ter-uma-renda-ativa-adicional', 'Exemplos reais de hobbies que podem ser usados para se ter uma renda ativa adicional', NULL, 1623189019058, NULL, NULL, 1, '518278750', 1, 878, NULL, 0);

INSERT INTO Lecture VALUES ('1r96irmxghx1tebjaujwjs4pq', 'feoadtxi66fzbmcx8nor9mswh', 'vamos-falar-do-seu-produto', 'Vamos falar do seu produto', NULL, 1623189020116, NULL, NULL, 1, '516288577', 1, 335, NULL, 0);

INSERT INTO Lecture VALUES ('hs65ct39d9uoagkthtbycypp7', 'feoadtxi66fzbmcx8nor9mswh', 'quais-sao-os-melhores-canais-de-venda--whatsapp', 'Quais são os melhores canais de venda - WhatsApp', NULL, 1623189021249, NULL, NULL, 2, '516288690', 1, 328, NULL, 0);

INSERT INTO Lecture VALUES ('upbnwqm958npjnw5nqcznw15w', 'feoadtxi66fzbmcx8nor9mswh', 'quais-sao-os-melhores-canais-de-venda--instagram', 'Quais são os melhores canais de venda - Instagram', NULL, 1623189022471, NULL, NULL, 3, '516288880', 1, 598, NULL, 0);

INSERT INTO Lecture VALUES ('rhu7odm7s14nm467iqkqxk9gy', 'feoadtxi66fzbmcx8nor9mswh', 'ferramentas-capazes-de-te-ajudar-a-divulga-lo', 'Ferramentas capazes de te ajudar a divulgá-lo', NULL, 1623189023459, NULL, NULL, 4, '516288327', 1, 304, NULL, 0);

INSERT INTO Lecture VALUES ('3dfjqjzzkhzmy6gmuor6aduw8', 'feoadtxi66fzbmcx8nor9mswh', 'upsell-e-fidelizacao-de-clientes', 'Upsell e fidelização de clientes', NULL, 1623189024621, NULL, NULL, 5, '516288398', 1, 297, NULL, 0);

INSERT INTO Lecture VALUES ('p9i6un9awq7sj8pqhb458gbn9', 'feoadtxi66fzbmcx8nor9mswh', 'organizacao-e-preparacao', 'Organização e preparação', NULL, 1623189025815, NULL, NULL, 6, '516288492', 1, 304, NULL, 0);

INSERT INTO Lecture VALUES ('cr4wy5m9k3kr35oxcbx7pnibf', '3cds4fkb1kisuqrb91z5frb9k', 'conclusao', 'Conclusão', NULL, 1623189027154, NULL, NULL, 1, '516288551', 1, 74, NULL, 0);

INSERT INTO Product (Id,Title,Description,ProductSlug,Active,CreateAt,UpdatedAt) VALUES ('5xjg157rosu68xs8o5ar1peos', 'Renda extra sem atrapalhar seu trabalho', 'Renda extra sem atrapalhar seu trabalho', 'renda-extra-sem-atrapalhar-seu-trabalho', 1, 1623189818993, NULL);

INSERT INTO CourseTrail (Id,CourseId,TrailId,CourseTrailOrder,CreateAt,UpdatedAt) VALUES ('ttpasynunnbgwg1gry8x5wepe', 'cxt78bwr1tosnjuhjew9b9u5x', 'qy8ybxxtqnuuun66wsa4nttcw', 2, 1623190694368, NULL);

INSERT INTO CourseTrail (Id,CourseId,TrailId,CourseTrailOrder,CreateAt,UpdatedAt) VALUES ('seib18eju3w5bkxtmj1wnhb65', 'cxt78bwr1tosnjuhjew9b9u5x', 'qy8ybxxtqnuuun66wsa4nttcw', 2, 1623266023416, NULL);

INSERT INTO Course (Id,ProductId,CourseSlug,Title,Objective,Certification,CertificationActive,TargetAudience,Workload,TimeAvailable,Topics,BackgroundUrl,Sequential,CategoryId,CreateAt,Published,SubscriptionsCount,Active,DropoutPercentage,IsOpenCourse,ImgMobileUrl,ImgBannerUrl) VALUES ('boaf9z8349txc8fiij8qg5ysz', 56, 'passos-simples-para-controlar-suas-financas', 'Passos simples para controlar suas finanças', 'Aprenda a controlar suas finanças de forma descomplicada e entenda como utilizar a Planilha Fundamental disponibilizada neste curso para te auxiliar no controle financeiro.', NULL, 0, NULL, NULL, NULL, NULL, 'https://tc.com.br/wp-content/uploads/2021/05/thumb_controlar_financas.png', 1, '5db1a95f0b19960058b9e188', 1623345043666, 1, 0, 1, 110.0, 0, 'https://tc.com.br/wp-content/uploads/2021/05/banner_mobile_controlar_financas.png', 'https://tc.com.br/wp-content/uploads/2021/05/banner_web_controlar_financas.png');

INSERT INTO Module VALUES ('muiq1tstryfwbro5xznuq3bjo', 'Planejamento financeiro pessoal', 1, 'boaf9z8349txc8fiij8qg5ysz', 1, 1);

INSERT INTO Module VALUES ('gpstj33fhbd4x1wab6pimsb3w', 'Conheça bem a sua situação financeira', 2, 'boaf9z8349txc8fiij8qg5ysz', 1, 1);

INSERT INTO Lecture VALUES ('1s9kf17gnx3f1nceo7azps9ja', 'muiq1tstryfwbro5xznuq3bjo', 'planejamento-financeiro-pessoal', 'Planejamento financeiro pessoal', NULL, 1623346782196, NULL, NULL, 1, '516222273', 1, 413, NULL, 0);

INSERT INTO Lecture VALUES ('kzkuqm3gf1fqcx4pt9g35ib49', 'gpstj33fhbd4x1wab6pimsb3w', 'planilha-fundamental', 'Planilha Fundamental', NULL, 1623346783172, NULL, NULL, 1, '516222865', 1, 701, NULL, 0);

INSERT INTO Lecture VALUES ('d8cdd3hm6durjcsth5betpmya', 'gpstj33fhbd4x1wab6pimsb3w', 'balanco-patrimonial-pessoal', 'Balanço patrimonial pessoal', NULL, 1623346784165, NULL, NULL, 2, '516223044', 1, 176, NULL, 0);

INSERT INTO Lecture VALUES ('dktfiq1nicfkjmxw5eo4dzrnz', 'gpstj33fhbd4x1wab6pimsb3w', 'trabalhando-em-cima-dos-seus-numeros', 'Trabalhando em cima dos seus números', NULL, 1623346785126, NULL, NULL, 3, '516222450', 1, 707, NULL, 0);

INSERT INTO Lecture VALUES ('c1fsu7woo97dnjf835kgrq5wm', 'gpstj33fhbd4x1wab6pimsb3w', 'dicas-valiosas', 'Dicas Valiosas', NULL, 1623346786092, NULL, NULL, 4, '516222632', 1, 261, NULL, 0);

INSERT INTO Lecture VALUES ('8aha5fuuw6xeio9tao61p1u95', 'gpstj33fhbd4x1wab6pimsb3w', 'contas-em-dia,-hora-da-reserva-de-emergencia', 'Contas em dia, hora da reserva de emergência', NULL, 1623346787048, NULL, NULL, 5, '516222752', 1, 435, NULL, 0);

INSERT INTO Product (Id,Title,Description,ProductSlug,Active,CreateAt,UpdatedAt) VALUES ('rcpmh7cdadts17yd8eitb3mrc', 'Passos simples para controlar suas finanças', 'Passos simples para controlar suas finanças', 'passos-simples-para-controlar-suas-financas', 1, 1623346922869, NULL);

INSERT INTO CourseTrail (Id,CourseId,TrailId,CourseTrailOrder,CreateAt,UpdatedAt) VALUES ('3xwyxyeksbw8uo1dmg1gx78r4', 'boaf9z8349txc8fiij8qg5ysz', 'qy8ybxxtqnuuun66wsa4nttcw', 1, 1623347124459, NULL);

INSERT INTO Article VALUES (80, 'kzkuqm3gf1fqcx4pt9g35ib49', 'Finanças comportamentais: conheça a contabilidade mental', '', 'https://tc.com.br/tc-school/financas-comportamentais/contabilidade-mental-mapa/', 1);

INSERT INTO Article VALUES (81, 'kzkuqm3gf1fqcx4pt9g35ib49', 'Entenda o efeito manada nas finanças comportamentais', '', 'https://tc.com.br/tc-school/financas-comportamentais/efeito-manada/', 2);

INSERT INTO Article VALUES (82, 'dktfiq1nicfkjmxw5eo4dzrnz', 'Divisão dos hábitos de consumo: a diferença que pode te ajudar', '', 'https://tc.com.br/tc-school/educacao-financeira/habito-de-consumo-economia/', 1);

INSERT INTO Article VALUES (83, 'c1fsu7woo97dnjf835kgrq5wm', '10 dicas para escolher o melhor cartão de crédito para você', '', 'https://tc.com.br/tc-school/primeiros-passos/fazer-cartao-de-credito/', 1);

INSERT INTO Article VALUES (84, '8aha5fuuw6xeio9tao61p1u95', 'Reserva de emergência: o que é, por que fazer, como fazer?', '', 'https://tc.com.br/tc-school/educacao-financeira/reserva-de-emergencia-dinheiro/', 1);

INSERT INTO Course (Id,ProductId,CourseSlug,Title,Objective,Certification,CertificationActive,TargetAudience,Workload,TimeAvailable,Topics,BackgroundUrl,Sequential,CategoryId,CreateAt,Published,SubscriptionsCount,Active,DropoutPercentage,IsOpenCourse,ImgMobileUrl,ImgBannerUrl) VALUES ('r8ciqfrgt4zqdmgsjr74ops7e', 57, 'seu-endividamento-tem-solucao', 'Seu endividamento tem solução', 'Neste curso você encontra um guia definitivo para solucionar seus problemas deendividamento e se livrar de vez das dívidas, de forma clara e com exemplos reais.', NULL, 0, NULL, NULL, NULL, NULL, 'https://tc.com.br/wp-content/uploads/2021/05/thumb_endividamento.png', 1, '5db1a95f0b19960058b9e188', 1623350761091, 1, 0, 1, 110.0, 0, 'https://tc.com.br/wp-content/uploads/2021/05/banner_mobile_endividamento.png', 'https://tc.com.br/wp-content/uploads/2021/05/banner_web_endividamento.png');

INSERT INTO Module VALUES ('8764yrej7gyebzyyuohs7zo3t', 'Seu endividamento tem solução', 1, 'r8ciqfrgt4zqdmgsjr74ops7e', 1, 1);

INSERT INTO Lecture VALUES ('1hysiwcqg7yfm18trrqfjubq1', '8764yrej7gyebzyyuohs7zo3t', 'importancia-da-educacao-financeira', 'Importância da Educação Financeira', NULL, 1623350888032, NULL, NULL, 1, '518743269', 1, 333, NULL, 0);

INSERT INTO Lecture VALUES ('mkksre9smkmfdwiuobiz5a55d', '8764yrej7gyebzyyuohs7zo3t', 'aprenda-a-lidar-com-o-dinheiro', 'Aprenda a lidar com o dinheiro', NULL, 1623350889064, NULL, NULL, 2, '518746758', 1, 211, NULL, 0);

INSERT INTO Lecture VALUES ('8q9kse6m46uay3y8rgntrrutc', '8764yrej7gyebzyyuohs7zo3t', 'a-revolucao-da-educacao-financeira-na-vida-das-pessoas', 'A revolução da educação financeira na vida das pessoas', NULL, 1623350890035, NULL, NULL, 3, '518750318', 1, 631, NULL, 0);

INSERT INTO Lecture VALUES ('f53smxpaeeonmab1wdkskod5n', '8764yrej7gyebzyyuohs7zo3t', 'controle-financeiro', 'Controle financeiro', NULL, 1623350891018, NULL, NULL, 4, '518750536', 1, 196, NULL, 0);

INSERT INTO Lecture VALUES ('cdgre5xxiuahikdu9rfnysn8x', '8764yrej7gyebzyyuohs7zo3t', 'passo-a-passo-para-atigir-seus-objetivos', 'Passo a passo para atigir seus objetivos', NULL, 1623350891991, NULL, NULL, 5, '518759394', 1, 277, NULL, 0);

INSERT INTO Lecture VALUES ('x5pqegrfg5pmxth1pnh7arg5p', '8764yrej7gyebzyyuohs7zo3t', 'quite-suas-dividas', 'Quite suas dívidas', NULL, 1623350892961, NULL, NULL, 6, '518760494', 1, 220, NULL, 0);

INSERT INTO Lecture VALUES ('z73pth7dsu4bcd63r1ucjdb4z', '8764yrej7gyebzyyuohs7zo3t', 'como-os-bancos-funcionam', 'Como os bancos funcionam', NULL, 1623350893966, NULL, NULL, 7, '518761032', 1, 269, NULL, 0);

INSERT INTO Product (Id,Title,Description,ProductSlug,Active,CreateAt,UpdatedAt) VALUES ('4h8jz9hanyt44t4mh9ddtrsyd', 'Seu endividamento tem solução', 'Seu endividamento tem solução', 'seu-endividamento-tem-solucao', 1, 1623350942618, NULL);

INSERT INTO CourseTrail (Id,CourseId,TrailId,CourseTrailOrder,CreateAt,UpdatedAt) VALUES ('k35n917igwzpbfh197xdmdpce', 'r8ciqfrgt4zqdmgsjr74ops7e', 'qy8ybxxtqnuuun66wsa4nttcw', 1, 1623350966928, NULL);

INSERT INTO Article VALUES (85, '1hysiwcqg7yfm18trrqfjubq1', 'Quem precisa de Educação Financeira?', '', 'https://tc.com.br/tc-school/educacao-financeira/educacao-financeira-escolas/', 1);

INSERT INTO Article VALUES (86, 'mkksre9smkmfdwiuobiz5a55d', 'Toda economia vale a pena?', '', 'https://tc.com.br/tc-school/educacao-financeira/como-economizar-dinheiro-dicas/', 1);


UPDATE Trail
SET
    BackgroundUrlBanner='https://tc.com.br/wp-content/uploads/2021/06/thumb_educaca_financeira-1.png'
WHERE
    Id ='qy8ybxxtqnuuun66wsa4nttcw'
;
