INSERT INTO Course (Id,ProductId,CourseSlug,Title,Objective,Certification,CertificationActive,TargetAudience,Workload,TimeAvailable,Topics,BackgroundUrl,Sequential,CategoryId,CreateAt,Published,SubscriptionsCount,Active,DropoutPercentage,IsOpenCourse,ImgMobileUrl,ImgBannerUrl) VALUES ('4g4upg35xtspnezs9adznxmnr', 64, 'investimento-ideal-para-seu-objetivo', 'Como escolher o investimento ideal para o seu objetivo de vida', 'Há diversos investimentos com diferentes características disponíveis no mercado. Neste curso você aprende sobre os principais tipos e a como escolher os investimentos ideais para o seu objetivo de vida.', NULL, 0, NULL, NULL, NULL, NULL, 'https://tc.com.br/wp-content/uploads/2021/07/comoescolher_thumb.png', 1, '5db1a95f0b19960058b9e188', 1626205019314, 1, 0, 1, 110.0, 1, 'https://tc.com.br/wp-content/uploads/2021/07/comoescolher_banner_mobile.png', 'https://tc.com.br/wp-content/uploads/2021/07/comoescolher_banner_web.png');

INSERT INTO Module VALUES ('zsnkh153otga5rfijcep9cwtk', 'Entenda o seu perfil de investidor', 1, '4g4upg35xtspnezs9adznxmnr', 1, 1);

INSERT INTO Module VALUES ('k3typ1m3khmbcynmzhct5nc4i', 'Como abrir uma conta numa corretora', 2, '4g4upg35xtspnezs9adznxmnr', 1, 1);

INSERT INTO Module VALUES ('rsc53mafec7b9izssu59iah1b', 'Em que eu posso investir?', 3, '4g4upg35xtspnezs9adznxmnr', 1, 1);

INSERT INTO Lecture VALUES ('q754xgyft1admjom83tfdtzm3', 'zsnkh153otga5rfijcep9cwtk', 'o-que-e-o-perfil-de-investidor-?', 'O que é o perfil de investidor ?', NULL, 1626205159366, NULL, NULL, 1, '516232898', 1, 962, NULL, 0);

INSERT INTO Lecture VALUES ('hzejje4dky91dzz9xet6y1x87', 'zsnkh153otga5rfijcep9cwtk', 'por-que-saber-o-seu-perfil-de-investidor?', 'Por que saber o seu perfil de investidor?', NULL, 1626205160612, NULL, NULL, 2, '516233120', 1, 191, NULL, 0);

INSERT INTO Lecture VALUES ('eoxc5799ehrzoge73wjchujag', 'zsnkh153otga5rfijcep9cwtk', 'quais-sao-os-3-perfis-basicos-de-investidor?', 'Quais são os 3 perfis básicos de investidor?', NULL, 1626205162288, NULL, NULL, 3, '516232176', 1, 185, NULL, 0);

INSERT INTO Lecture VALUES ('8hnmna4w3q1rncm9jxrwxx3wk', 'zsnkh153otga5rfijcep9cwtk', 'descubra-qual-e-o-seu-perfil', 'Descubra qual é o seu perfil', NULL, 1626205163103, NULL, NULL, 4, '516232277', 1, 79, NULL, 0);

INSERT INTO Lecture VALUES ('shqgcrw865h5tbm3xeyejzg1s', 'zsnkh153otga5rfijcep9cwtk', 'investimentos-por-perfil', 'Investimentos por perfil', NULL, 1626205163915, NULL, NULL, 5, '516232370', 1, 647, NULL, 0);

INSERT INTO Lecture VALUES ('nqi369qu8f68t1iw9rqecmjb5', 'zsnkh153otga5rfijcep9cwtk', 'atencao,-seu-perfil-de-investidor-pode-mudar', 'Atenção, seu perfil de investidor pode mudar', NULL, 1626206239946, NULL, NULL, 6, '516232591', 1, 346, NULL, 0);

INSERT INTO Lecture VALUES ('7bt8j1mn35cqxcks6ei3rpatx', 'k3typ1m3khmbcynmzhct5nc4i', 'o-que-e-uma-corretora?', 'O que é uma corretora?', NULL, 1626206258873, NULL, NULL, 1, '519611666', 1, 473, NULL, 0);

INSERT INTO Lecture VALUES ('z1eecs59uzud1istjnfdphi3d', 'k3typ1m3khmbcynmzhct5nc4i', 'como-escolher-uma-corretora?', 'Como escolher uma corretora?', NULL, 1626206259689, NULL, NULL, 2, '519611958', 1, 387, NULL, 0);

INSERT INTO Lecture VALUES ('uee1x8ken1od7iadithzjk6aa', 'k3typ1m3khmbcynmzhct5nc4i', 'abrindo-uma-conta-na-pratica', 'Abrindo uma conta na prática', NULL, 1626206260506, NULL, NULL, 3, '519612185', 1, 394, NULL, 0);

INSERT INTO Lecture VALUES ('9xykpch16utqs9egmzh6dderp', 'rsc53mafec7b9izssu59iah1b', 'renda-fixa-x-renda-variavel', 'Renda Fixa x Renda Variável', NULL, 1626263287950, NULL, NULL, 1, '516234312', 1, 255, NULL, 0);

INSERT INTO Lecture VALUES ('u785fc9qgnk73k9xn3334tywi', 'rsc53mafec7b9izssu59iah1b', 'o-poder-dos-juros-compostos', 'O poder dos juros compostos', NULL, 1626263288970, NULL, NULL, 2, '516233339', 1, 329, NULL, 0);

INSERT INTO Lecture VALUES ('38sdidsnkchpbici398pcsm8q', 'rsc53mafec7b9izssu59iah1b', 'foco-nas-4-categorias-de-investimentos', 'Foco nas 4 categorias de investimentos', NULL, 1626263290020, NULL, NULL, 3, '516233435', 1, 206, NULL, 0);

INSERT INTO Lecture VALUES ('j5u7rcrjtqsgsj59sdtsanpqy', 'rsc53mafec7b9izssu59iah1b', 'ouro-e-seguros', 'Ouro e seguros', NULL, 1626263291049, NULL, NULL, 4, '516233492', 1, 251, NULL, 0);

INSERT INTO Lecture VALUES ('hz89yqmo6b1arbjwm4zyijgbp', 'rsc53mafec7b9izssu59iah1b', 'titulos-privados', 'Títulos Privados', NULL, 1626263292111, NULL, NULL, 5, '516233598', 1, 602, NULL, 0);

INSERT INTO Lecture VALUES ('kxihdx1a5a1u3aqkeksnb8zbb', 'rsc53mafec7b9izssu59iah1b', 'titulos-publicos', 'Títulos Públicos', NULL, 1626263293150, NULL, NULL, 6, '516233747', 1, 715, NULL, 0);

INSERT INTO Lecture VALUES ('oddi496dcagrzr5ggzkjz6w8d', 'rsc53mafec7b9izssu59iah1b', 'acoes', 'Ações', NULL, 1626263294188, NULL, NULL, 7, '516233881', 1, 436, NULL, 0);

INSERT INTO Lecture VALUES ('f7bn6hc7eb4jj6b6puoip41rp', 'rsc53mafec7b9izssu59iah1b', 'vale-a-pena-investir-em-acoes?', 'Vale à pena investir em ações?', NULL, 1626263295221, NULL, NULL, 8, '516233975', 1, 368, NULL, 0);

INSERT INTO Lecture VALUES ('ju4xr34xzcat8u653uemah7fx', 'rsc53mafec7b9izssu59iah1b', 'fundos', 'Fundos', NULL, 1626263296270, NULL, NULL, 9, '516234071', 1, 911, NULL, 0);

INSERT INTO Lecture VALUES ('r3r1k69kfnzeo1wfpg3u17g7d', 'rsc53mafec7b9izssu59iah1b', 'fundos-de-investimentos-imobiliario', 'Fundos de Investimentos Imobiliário', NULL, 1626263297322, NULL, NULL, 10, '516234249', 1, 219, NULL, 0);

INSERT INTO Product (Id,Title,Description,ProductSlug,Active,CreateAt,UpdatedAt) VALUES ('bncf3id8dmtn43zrijrw8hgj8', 'Como escolher o investimento ideal para o seu objetivo de vida', 'Como escolher o investimento ideal para o seu objetivo de vida', 'como-escolher-o-investimento-ideal-para-o-seu-objetivo-de-vida', 1, 1626263402893, NULL);

INSERT INTO CourseTrail (Id,CourseId,TrailId,CourseTrailOrder,CreateAt,UpdatedAt) VALUES ('dok3sdesk7qu4dhd5u3cm3qqr', '4g4upg35xtspnezs9adznxmnr', 'c3r4sbjrr7r8dynn9dxw5djsh', 1, 1626263459294, NULL);

INSERT INTO Article VALUES (89, 'q754xgyft1admjom83tfdtzm3', 'Peter Lynch', '', 'https://tc.com.br/perfis-do-mercado/peter-lynch', 1);

INSERT INTO Article VALUES (90, 'z1eecs59uzud1istjnfdphi3d', 'Escolhendo a corretora certa para operar', '', 'https://tradersclub.com.br/tc-school/primeiros-passos/escolhendo-a-corretora-certa-para-operar/', 1);

INSERT INTO Refference VALUES ('3nt8btsococh78prip8xkubpi', 'q754xgyft1admjom83tfdtzm3', 'http://www.cvm.gov.br/legislacao/instrucoes/inst539.html', 1, 'Nome Link Referência', NULL);

INSERT INTO Refference VALUES ('a7ouroim5gxmyiudp13939sdx', '8hnmna4w3q1rncm9jxrwxx3wk', 'https://comoinvestir.anbima.com.br/planeje/conceitos/reflita-sobre-seu-perfil-de-investidor/', 1, 'Nome Link Referência', NULL);

INSERT INTO Refference VALUES ('85fgcdbaecqgm17q7znigkja4', 'shqgcrw865h5tbm3xeyejzg1s', 'https://olui2.fs.ml.com/Publish/Content/application/pdf/GWMOL/Investor-Profile-Questionnaire.pdf', 1, 'Nome Link Referência', NULL);

INSERT INTO Refference VALUES ('cmqepregk3u36sdywbf6qtab4', '7bt8j1mn35cqxcks6ei3rpatx', 'https://www.bcb.gov.br/acessoinformacao/legado?url=https:%2F%2Fwww.bcb.gov.br%2Fpre%2Fcomposicao%2Fcorretoras_distribuidoras.asp%3Fidpai%3DSFNCOMP', 1, 'Nome Link Referência', NULL);

INSERT INTO Refference VALUES ('qd9cfd94yoggyib8ks5caqret', '7bt8j1mn35cqxcks6ei3rpatx', 'https://www.em.com.br/app/noticia/gerais/2019/08/20/interna_gerais,1078384/entenda-o-crime-da-piramide-que-lesou-6-mil-pessoas-em-ate-r-1-bi.shtml', 2, 'Nome Link Referência', NULL);

INSERT INTO Refference VALUES ('qqijt79t7489h3zsqb33mq3ya', '7bt8j1mn35cqxcks6ei3rpatx', 'https://www.bcb.gov.br/rex/IAMC/Port/Instituicoes/inst_autorizadas.asp?frame=1', 3, 'Nome Link Referência', NULL);

INSERT INTO Refference VALUES ('mt81w3thm93pds6zsajueo973', '7bt8j1mn35cqxcks6ei3rpatx', 'https://www.bcb.gov.br/estabilidadefinanceira/corretoradistribuidora', 4, 'Nome Link Referência', NULL);

INSERT INTO Refference VALUES ('9d3q8ncjh3cuyga7zgp1f16d7', 'z1eecs59uzud1istjnfdphi3d', 'http://sistemas.cvm.gov.br/?CadGeral', 1, 'Nome Link Referência', NULL);

INSERT INTO Refference VALUES ('xthsja6wpdyg6i5smw7stnoo4', 'z1eecs59uzud1istjnfdphi3d', 'https://www.reclameaqui.com.br/categoria/corretoras-de-valores/', 1, 'Nome Link Referência', NULL);

INSERT INTO Refference VALUES ('ofwhxgd6mco5xynxx6rhzxy9o', 'kxihdx1a5a1u3aqkeksnb8zbb', 'https://economia.uol.com.br/financas-pessoais/noticias/redacao/2020/03/12/tesouro-direto-dinheiro-travado-negociacao-suspensa-coronavirus.htm', 1, 'Nome Link Referência', NULL);

INSERT INTO Refference VALUES ('kqb18me48t1qbaaxhmfz8ubzg', 'f7bn6hc7eb4jj6b6puoip41rp', 'http://www.contabilidademq.com.br/2017/09/vale-pena-investir-em-acoes-comparativo.html', 1, 'Nome Link Referência', NULL);

INSERT INTO Refference VALUES ('uwnqngh1uw7r3j4rqfxtfwzc8', 'f7bn6hc7eb4jj6b6puoip41rp', 'http://www.contabilidademq.com.br/2017/12/vale-pena-seguir-as-recomendacoes-dos-analistas-sell-side.html', 2, 'Nome Link Referência', NULL);

INSERT INTO Refference VALUES ('asukfujkpa755cwxt1euj7egh', 'f7bn6hc7eb4jj6b6puoip41rp', 'http://www.contabilidademq.com.br/2018/02/e-possivel-investir-em-acoes-mesmo.html', 3, 'Nome Link Referência', NULL);

INSERT INTO Refference VALUES ('nriradukx79hsmishm6jc5ybs', 'f7bn6hc7eb4jj6b6puoip41rp', 'http://www.contabilidademq.com.br/2018/01/investimentos-acoes-ganham-130-por-cento-cdi.html', 4, 'Nome Link Referência', NULL);

INSERT INTO Refference VALUES ('yya4diz1zkny6d7oey56zyfh9', 'f7bn6hc7eb4jj6b6puoip41rp', 'http://www.contabilidademq.com.br/2018/01/o-mercado-e-academia-precisam-conversar.html', 5, 'Nome Link Referência', NULL);

INSERT INTO Refference VALUES ('8t5ighry7b8fz853phcfsusfb', 'ju4xr34xzcat8u653uemah7fx', 'https://www.dynamo.com.br/pt/fundos/detalhe/dynamo-cougar', 1, 'Nome Link Referência', NULL);

INSERT INTO Refference VALUES ('z49jx9bxwp11a1r388xghjxtu', 'ju4xr34xzcat8u653uemah7fx', 'https://maisretorno.com/fundo/quasar-advantage-plus-fi-rf-cp-lp', 2, 'Nome Link Referência', NULL);

INSERT INTO Refference VALUES ('tkkmhpujgs17d6rsab7mizg4s', 'r3r1k69kfnzeo1wfpg3u17g7d', 'https://www.redalyc.org/pdf/2737/273754209010.pdf', 1, 'Nome Link Referência', NULL);

