INSERT INTO Course (Id,ProductId,CourseSlug,Title,Objective,Certification,CertificationActive,TargetAudience,Workload,TimeAvailable,Topics,BackgroundUrl,Sequential,CategoryId,CreateAt,Published,SubscriptionsCount,Active,DropoutPercentage,IsOpenCourse,ImgMobileUrl,ImgBannerUrl) VALUES ('ja6mwanoosmdbg3kem96c7yz7', 101, 'tc-experience--turma-1', 'TC Experience - Turma 1', 'Com o TC Experience você se tornará um investidor completo! Para isso, neste curso são apresentados os conceitos essenciais sobre economia, contabilidade, análise técnica e fundamentalista, além de opções e criptomoedas.', NULL, 0, NULL, NULL, NULL, NULL, 'https://tc.com.br/wp-content/uploads/2021/06/thumb.png', 1, '5db1a95f0b19960058b9e188', 1624905818627, 1, 0, 1, 110.0, 0, 'https://tc.com.br/wp-content/uploads/2021/06/banner_mobile.png', 'https://tc.com.br/wp-content/uploads/2021/06/banner_web.png');

INSERT INTO Course (Id,ProductId,CourseSlug,Title,Objective,Certification,CertificationActive,TargetAudience,Workload,TimeAvailable,Topics,BackgroundUrl,Sequential,CategoryId,CreateAt,Published,SubscriptionsCount,Active,DropoutPercentage,IsOpenCourse,ImgMobileUrl,ImgBannerUrl) VALUES ('4r1izioasg3oyso9hrxkk8qhs', 102, 'tc-experience--turma-2', 'TC Experience - Turma 2', 'Com o TC Experience você se tornará um investidor completo! Para isso, neste curso são apresentados os conceitos essenciais sobre economia, contabilidade, análise técnica e fundamentalista, além de opções e criptomoedas.', NULL, 0, NULL, NULL, NULL, NULL, 'https://tc.com.br/wp-content/uploads/2021/06/thumb.png', 1, '5db1a95f0b19960058b9e188', 1624905990637, 1, 0, 1, 110.0, 0, 'https://tc.com.br/wp-content/uploads/2021/06/banner_mobile.png', 'https://tc.com.br/wp-content/uploads/2021/06/banner_web.png');

INSERT INTO Module VALUES ('o55fyybeb7qxxo3kueo4j8sus', 'Fundamentalista (Economia)', 1, 'ja6mwanoosmdbg3kem96c7yz7', 1, 1);

INSERT INTO Module VALUES ('ym8rfkdzyyy7y3csw9g573zqj', 'Fundamentalista (Contabilidade)', 2, 'ja6mwanoosmdbg3kem96c7yz7', 1, 1);

INSERT INTO Module VALUES ('raab1yy6peyj4rgkyt3se1fya', 'Fundamentalista (Dividendos)', 3, 'ja6mwanoosmdbg3kem96c7yz7', 1, 1);

INSERT INTO Module VALUES ('osty1kb3s5wfqjyw9udn816w6', 'Fundamentalista (DCF e Múltiplos)', 4, 'ja6mwanoosmdbg3kem96c7yz7', 1, 1);

INSERT INTO Module VALUES ('5apwrju4iq88a1batpjmyme6j', 'ESG', 5, 'ja6mwanoosmdbg3kem96c7yz7', 1, 1);

INSERT INTO Module VALUES ('idje777i5xojh5ieqpbcpxhmf', 'Análise técnica', 6, 'ja6mwanoosmdbg3kem96c7yz7', 1, 1);

INSERT INTO Module VALUES ('ydfaeywcrpp1s61fj9wf49g7c', 'Criptoativos', 7, 'ja6mwanoosmdbg3kem96c7yz7', 1, 1);

INSERT INTO Module VALUES ('acoyp1nq3ag61s17mr55j8uj4', 'Derivativos', 8, 'ja6mwanoosmdbg3kem96c7yz7', 1, 1);

INSERT INTO Module VALUES ('h85qgsbnnrribjge4oxxcgt88', 'Fundamentalista (Economia)', 1, '4r1izioasg3oyso9hrxkk8qhs', 1, 1);

INSERT INTO Module VALUES ('ii8o4fh48ytso6wjbnott3e6r', 'Fundamentalista (Contabilidade)', 2, '4r1izioasg3oyso9hrxkk8qhs', 1, 1);

INSERT INTO Module VALUES ('au5kftmwx1bqiy35t71cwp7ix', 'Fundamentalista (Dividendos)', 3, '4r1izioasg3oyso9hrxkk8qhs', 1, 1);

INSERT INTO Module VALUES ('47edq8n3izfkho43zc8wzfjup', 'Fundamentalista (DCF e Múltiplos)', 4, '4r1izioasg3oyso9hrxkk8qhs', 1, 1);

INSERT INTO Module VALUES ('ijqsmwdq3b8qk7kewqxcd14tm', 'ESG', 5, '4r1izioasg3oyso9hrxkk8qhs', 1, 1);

INSERT INTO Module VALUES ('cki3iwjhwmofbktjgxbogdpr8', 'Análise técnica', 6, '4r1izioasg3oyso9hrxkk8qhs', 1, 1);

INSERT INTO Module VALUES ('hgewx89x6pb3xn9zg6bwy6di9', 'Criptoativos', 7, '4r1izioasg3oyso9hrxkk8qhs', 1, 1);

INSERT INTO Module VALUES ('sksw9x8ueptt536jz4dp9o3xw', 'Derivativos', 8, '4r1izioasg3oyso9hrxkk8qhs', 1, 1);

INSERT INTO Lecture VALUES ('m87p5edxfi6ggnjycrk7687j5', 'o55fyybeb7qxxo3kueo4j8sus', 'importancia-da-economia-para-investir', 'Importância da Economia para Investir', NULL, 1624907278814, NULL, NULL, 1, '567218589', 1, 260, NULL, 0);

INSERT INTO Lecture VALUES ('dooixntyg7qz7srwmem7upid6', 'o55fyybeb7qxxo3kueo4j8sus', 'os-4-principais-indicadores-macro-que-todo-investidor-deve-acompanhar', 'Os 4 principais indicadores Macro que todo investidor deve acompanhar', NULL, 1624907279806, NULL, NULL, 2, '567218832', 1, 440, NULL, 0);

INSERT INTO Lecture VALUES ('mcgy1obm4cjfjkrbs4xodq6iz', 'o55fyybeb7qxxo3kueo4j8sus', 'indicadores-de-incerteza-', 'Indicadores de Incerteza ', NULL, 1624907280794, NULL, NULL, 3, '567219037', 1, 417, NULL, 0);

INSERT INTO Lecture VALUES ('h9kza3ki3q59yja6a7nddn38c', 'o55fyybeb7qxxo3kueo4j8sus', 'economia-&-investimentos', 'Economia & Investimentos', NULL, 1624907281792, NULL, NULL, 4, '567219196', 1, 309, NULL, 0);

INSERT INTO Lecture VALUES ('fff8zk733a79nt56n9s654tk7', 'ym8rfkdzyyy7y3csw9g573zqj', 'por-que-o-investidor-deve-estudar-contabilidade?', 'Por que o investidor deve estudar contabilidade?', NULL, 1624907282795, NULL, NULL, 1, '567220028', 1, 239, NULL, 0);

INSERT INTO Lecture VALUES ('njrxjje7cc5sp5k8bypbiy4pz', 'ym8rfkdzyyy7y3csw9g573zqj', 'como-interpretar-o-balanco-patrimonial?', 'Como interpretar o balanço patrimonial?', NULL, 1624907283781, NULL, NULL, 2, '567219968', 1, 212, NULL, 0);

INSERT INTO Lecture VALUES ('113y4n5ktsdxg8jwxy7zfyocr', 'ym8rfkdzyyy7y3csw9g573zqj', 'como-interpretar-a-demonstracao-do-resultado?', 'Como interpretar a Demonstração do Resultado?', NULL, 1624907284770, NULL, NULL, 3, '567220201', 1, 276, NULL, 0);

INSERT INTO Lecture VALUES ('51nzrm5uhscru1y3jqnonbuu4', 'ym8rfkdzyyy7y3csw9g573zqj', 'interacao-entre-as-demonstracoes-contabeis-e-sua-analise', 'Interação entre as Demonstrações  Contábeis e sua Análise', NULL, 1624907285758, NULL, NULL, 4, '567220108', 1, 365, NULL, 0);

INSERT INTO Lecture VALUES ('4zn1zcffmommckfp3175z4up9', 'raab1yy6peyj4rgkyt3se1fya', 'uma-visao-geral-sobre-os-dividendos', 'Uma visão geral sobre os dividendos', NULL, 1624907286774, NULL, NULL, 1, '567228616', 1, 165, NULL, 0);

INSERT INTO Lecture VALUES ('be9gkk5fczshnib3dszw96ant', 'raab1yy6peyj4rgkyt3se1fya', 'caracteristicas-das-empresas-que-pagam-dividendos', 'Características das empresas que pagam dividendos', NULL, 1624907287786, NULL, NULL, 2, '567228507', 1, 340, NULL, 0);

INSERT INTO Lecture VALUES ('7jsdhnf8ssd45equ6xcf3ggmg', 'osty1kb3s5wfqjyw9udn816w6', 'uso-do-fluxo-de-caixa-descontado-e-multiplos', 'Uso do fluxo de caixa descontado e múltiplos', NULL, 1624907288790, NULL, NULL, 1, '567239293', 1, 465, NULL, 0);

INSERT INTO Lecture VALUES ('8ng55jxb6jx9dag6b11uixwf4', 'osty1kb3s5wfqjyw9udn816w6', 'como-analisar-fluxo-de-caixa-e-multiplos-atraves-do-tc-matrix', 'Como analisar fluxo de caixa e múltiplos através do TC Matrix', NULL, 1624907289782, NULL, NULL, 2, '567236580', 1, 240, NULL, 0);

INSERT INTO Lecture VALUES ('9mhyumaxxf15np894gp7o61gm', '5apwrju4iq88a1batpjmyme6j', 'esg-na-analise-de-acoes', 'ESG na análise de ações', NULL, 1624907290777, NULL, NULL, 1, '567228705', 1, 266, NULL, 0);

INSERT INTO Lecture VALUES ('ncthgrmcc7eh417971bi89efw', '5apwrju4iq88a1batpjmyme6j', 'como-as-politicas-esg-influenciam-os-retornos-das-acoes?', 'Como as políticas ESG influenciam os retornos das ações?', NULL, 1624907291777, NULL, NULL, 2, '567228470', 1, 122, NULL, 0);

INSERT INTO Lecture VALUES ('8qbxbqm65fxawg33kcg9mr4j5', 'idje777i5xojh5ieqpbcpxhmf', 'o-que-e-analise-tecnica', 'O que é análise técnica', NULL, 1624907292795, NULL, NULL, 1, '567219334', 1, 334, NULL, 0);

INSERT INTO Lecture VALUES ('ppogk3pp7x7rhe7nh75apemij', 'idje777i5xojh5ieqpbcpxhmf', 'candlesticks', 'Candlesticks', NULL, 1624907293787, NULL, NULL, 2, '567219455', 1, 330, NULL, 0);

INSERT INTO Lecture VALUES ('p7ywkps7xrq5iuh31kgwmepuu', 'idje777i5xojh5ieqpbcpxhmf', 'tendencias-e-ciclos', 'Tendências e ciclos', NULL, 1624907294783, NULL, NULL, 3, '567219604', 1, 456, NULL, 0);

INSERT INTO Lecture VALUES ('dyf9wxfpcbhuwfwaaiz6cyqmr', 'idje777i5xojh5ieqpbcpxhmf', 'leis-de-mercado', 'Leis de mercado', NULL, 1624907295792, NULL, NULL, 4, '567219770', 1, 511, NULL, 0);

INSERT INTO Lecture VALUES ('b7u3jao5fr4ccf3jfnpfa55kj', 'ydfaeywcrpp1s61fj9wf49g7c', 'bitcoin-como-reserva-de-valor', 'Bitcoin como reserva de valor', NULL, 1624907296781, NULL, NULL, 1, '567236111', 1, 379, NULL, 0);

INSERT INTO Lecture VALUES ('qyrd6noqyfcodhpzx1a8mhdma', 'ydfaeywcrpp1s61fj9wf49g7c', 'como-utilizar-cripto-ativos-na-composicao-de-portfolios', 'Como utilizar cripto ativos na composição de portfólios', NULL, 1624907297784, NULL, NULL, 2, '567236260', 1, 354, NULL, 0);

INSERT INTO Lecture VALUES ('q98qczyx8ah47zrjciojpfuau', 'acoyp1nq3ag61s17mr55j8uj4', 'qual-papel-exercido-pelos-derivativos-no-seu-portfolio?', 'Qual papel exercido pelos derivativos no seu portfólio?', NULL, 1624907298784, NULL, NULL, 1, '567236679', 1, 151, NULL, 0);

INSERT INTO Lecture VALUES ('ubnzqe55psixpn55pzc8pcs9h', 'acoyp1nq3ag61s17mr55j8uj4', 'como-utilizar-os-derivativos-para-proteger-meu-portfolio', 'Como utilizar os derivativos para proteger meu portfólio', NULL, 1624907299787, NULL, NULL, 2, '567236754', 1, 234, NULL, 0);

INSERT INTO Lecture VALUES ('cjmice3h5yncdmfg4wwbnng1i', 'acoyp1nq3ag61s17mr55j8uj4', 'utilizando-os-derivativos-para-especulacao', 'Utilizando os derivativos para especulação', NULL, 1624907300799, NULL, NULL, 3, '567236859', 1, 278, NULL, 0);

INSERT INTO Lecture VALUES ('m7fms9w8ykcoxs7e7k8atamoh', 'h85qgsbnnrribjge4oxxcgt88', 'importancia-da-economia-para-investir', 'Importância da Economia para Investir', NULL, 1624907403947, NULL, NULL, 1, '567218589', 1, 260, NULL, 0);

INSERT INTO Lecture VALUES ('xh91zhrjahjyz9gqwgerqj5gd', 'h85qgsbnnrribjge4oxxcgt88', 'os-4-principais-indicadores-macro-que-todo-investidor-deve-acompanhar', 'Os 4 principais indicadores Macro que todo investidor deve acompanhar', NULL, 1624907404936, NULL, NULL, 2, '567218832', 1, 440, NULL, 0);

INSERT INTO Lecture VALUES ('pop3tj48dyi6f6owbs3spt6uw', 'h85qgsbnnrribjge4oxxcgt88', 'indicadores-de-incerteza-', 'Indicadores de Incerteza ', NULL, 1624907405929, NULL, NULL, 3, '567219037', 1, 417, NULL, 0);

INSERT INTO Lecture VALUES ('p6rcdurzs4wyw7xq59u5pof7g', 'h85qgsbnnrribjge4oxxcgt88', 'economia-&-investimentos', 'Economia & Investimentos', NULL, 1624907406910, NULL, NULL, 4, '567219196', 1, 309, NULL, 0);

INSERT INTO Lecture VALUES ('moqt69xt41nq6qpp6mwugq1pf', 'ii8o4fh48ytso6wjbnott3e6r', 'por-que-o-investidor-deve-estudar-contabilidade?', 'Por que o investidor deve estudar contabilidade?', NULL, 1624907407900, NULL, NULL, 1, '567220028', 1, 239, NULL, 0);

INSERT INTO Lecture VALUES ('j471916pksr1qb5145bs99g9i', 'ii8o4fh48ytso6wjbnott3e6r', 'como-interpretar-o-balanco-patrimonial?', 'Como interpretar o balanço patrimonial?', NULL, 1624907408903, NULL, NULL, 2, '567219968', 1, 212, NULL, 0);

INSERT INTO Lecture VALUES ('k5cxm7r6qnkh7tid3zzgoahpo', 'ii8o4fh48ytso6wjbnott3e6r', 'como-interpretar-a-demonstracao-do-resultado?', 'Como interpretar a Demonstração do Resultado?', NULL, 1624907409901, NULL, NULL, 3, '567220201', 1, 276, NULL, 0);

INSERT INTO Lecture VALUES ('g8476ci16417dxn8h71b16iae', 'ii8o4fh48ytso6wjbnott3e6r', 'interacao-entre-as-demonstracoes-contabeis-e-sua-analise', 'Interação entre as Demonstrações  Contábeis e sua Análise', NULL, 1624907410949, NULL, NULL, 4, '567220108', 1, 365, NULL, 0);

INSERT INTO Lecture VALUES ('qdd58p7p7gcbshykwmj7h7e37', 'au5kftmwx1bqiy35t71cwp7ix', 'uma-visao-geral-sobre-os-dividendos', 'Uma visão geral sobre os dividendos', NULL, 1624907411933, NULL, NULL, 1, '567228616', 1, 165, NULL, 0);

INSERT INTO Lecture VALUES ('jdejkgq44p9mbpq3mpfme9ppw', 'au5kftmwx1bqiy35t71cwp7ix', 'caracteristicas-das-empresas-que-pagam-dividendos', 'Características das empresas que pagam dividendos', NULL, 1624907412919, NULL, NULL, 2, '567228507', 1, 340, NULL, 0);

INSERT INTO Lecture VALUES ('d8boepgr1x1nm61em4yn6xc7k', '47edq8n3izfkho43zc8wzfjup', 'uso-do-fluxo-de-caixa-descontado-e-multiplos', 'Uso do fluxo de caixa descontado e múltiplos', NULL, 1624907413912, NULL, NULL, 1, '567239293', 1, 465, NULL, 0);

INSERT INTO Lecture VALUES ('rykj78gtch1qj51imf7z7m7rb', '47edq8n3izfkho43zc8wzfjup', 'como-analisar-fluxo-de-caixa-e-multiplos-atraves-do-tc-matrix', 'Como analisar fluxo de caixa e múltiplos através do TC Matrix', NULL, 1624907414911, NULL, NULL, 2, '567236580', 1, 240, NULL, 0);

INSERT INTO Lecture VALUES ('6typmxaknxgo94rfa1jhzft3g', 'ijqsmwdq3b8qk7kewqxcd14tm', 'esg-na-analise-de-acoes', 'ESG na análise de ações', NULL, 1624907415912, NULL, NULL, 1, '567228705', 1, 266, NULL, 0);

INSERT INTO Lecture VALUES ('worhjokyuq3bqynao8z49kr36', 'ijqsmwdq3b8qk7kewqxcd14tm', 'como-as-politicas-esg-influenciam-os-retornos-das-acoes?', 'Como as políticas ESG influenciam os retornos das ações?', NULL, 1624907416906, NULL, NULL, 2, '567228470', 1, 122, NULL, 0);

INSERT INTO Lecture VALUES ('hhu33esyyc6cmkacrdi1hcntx', 'cki3iwjhwmofbktjgxbogdpr8', 'o-que-e-analise-tecnica', 'O que é análise técnica', NULL, 1624907417887, NULL, NULL, 1, '567219334', 1, 334, NULL, 0);

INSERT INTO Lecture VALUES ('r8p4dqhczxrpg4iacymmki8j5', 'cki3iwjhwmofbktjgxbogdpr8', 'candlesticks', 'Candlesticks', NULL, 1624907418893, NULL, NULL, 2, '567219455', 1, 330, NULL, 0);

INSERT INTO Lecture VALUES ('rmhcfoh3za8hrmujzir771k7x', 'cki3iwjhwmofbktjgxbogdpr8', 'tendencias-e-ciclos', 'Tendências e ciclos', NULL, 1624907419937, NULL, NULL, 3, '567219604', 1, 456, NULL, 0);

INSERT INTO Lecture VALUES ('35ir3btcp8r8enawwj64zf5pd', 'cki3iwjhwmofbktjgxbogdpr8', 'leis-de-mercado', 'Leis de mercado', NULL, 1624907420925, NULL, NULL, 4, '567219770', 1, 511, NULL, 0);

INSERT INTO Lecture VALUES ('x7nzubywsqo8ddr9oo913i1kp', 'hgewx89x6pb3xn9zg6bwy6di9', 'bitcoin-como-reserva-de-valor', 'Bitcoin como reserva de valor', NULL, 1624907421917, NULL, NULL, 1, '567236111', 1, 379, NULL, 0);

INSERT INTO Lecture VALUES ('6cjtffuqj68twqizpz36uaea4', 'hgewx89x6pb3xn9zg6bwy6di9', 'como-utilizar-cripto-ativos-na-composicao-de-portfolios', 'Como utilizar cripto ativos na composição de portfólios', NULL, 1624907422917, NULL, NULL, 2, '567236260', 1, 354, NULL, 0);

INSERT INTO Lecture VALUES ('otfwae9nbor1855xienws791h', 'sksw9x8ueptt536jz4dp9o3xw', 'qual-papel-exercido-pelos-derivativos-no-seu-portfolio?', 'Qual papel exercido pelos derivativos no seu portfólio?', NULL, 1624907423902, NULL, NULL, 1, '567236679', 1, 151, NULL, 0);

INSERT INTO Lecture VALUES ('brupkn5uaknynmnhfrb4hwy5x', 'sksw9x8ueptt536jz4dp9o3xw', 'como-utilizar-os-derivativos-para-proteger-meu-portfolio', 'Como utilizar os derivativos para proteger meu portfólio', NULL, 1624907424898, NULL, NULL, 2, '567236754', 1, 234, NULL, 0);

INSERT INTO Lecture VALUES ('p15dzxddqqjir18wyj1qu1hid', 'sksw9x8ueptt536jz4dp9o3xw', 'utilizando-os-derivativos-para-especulacao', 'Utilizando os derivativos para especulação', NULL, 1624907425890, NULL, NULL, 3, '567236859', 1, 278, NULL, 0);

INSERT INTO Product (Id,Title,Description,ProductSlug,Active,CreateAt,UpdatedAt) VALUES ('sdut7orp59sq6seqhpci57hdm', 'TC Experience - Turma 1', 'TC Experience - Turma 1', 'tc-experience--turma-1', 1, 1624907511006, NULL);

INSERT INTO Product (Id,Title,Description,ProductSlug,Active,CreateAt,UpdatedAt) VALUES ('e56dn4q8yaig1km7giemqfj6f', 'TC Experience - Turma 2', 'TC Experience - Turma 2', 'tc-experience--turma-2', 1, 1624907529647, NULL);
